question,answer,tool_call_count,tools_used
What are the three closest planets to Earth?,"The three closest planets to Earth are usually noted in terms of their average distance from Earth, which can fluctuate significantly due to the elliptical orbits of the planets. However, the general closest planets are:

1. **Venus** - Often referred to as Earth's ""sister planet"" due to its similar size and proximity. Venus' orbit brings it closer to Earth than any other planet, making it the closest in many respects.

2. **Mars** - Known as the ""Red Planet,"" Mars is the second closest planet to Earth. Its distance from Earth varies significantly, from about 54.6 million kilometers during opposition to much farther when it is on the opposite side of the Sun.

3. **Mercury** - While Mercury is often considered the closest planet to the Sun, it can also be the closest planet to Earth at certain times in its orbit. Its average distance is less predictable than Venus or Mars because of its highly elliptical orbit.

For more detailed information about the planets in our solar system, you can refer to the article on [Planets in the Solar System](https://en.wikipedia.org/wiki/Planets_in_the_Solar_System).",3,"get_wikipedia_page, search_wikipedia_titles"
Who are the four Teenage Mutant Ninja Turtles?,"The Teenage Mutant Ninja Turtles (TMNT) are a group of four iconic characters, each named after famous Italian artists and distinct in personality and fighting style. Here is a brief overview of each turtle:

1. **Leonardo**: The leader of the group, Leonardo is known for his discipline and commitment to his training. He wields two katanas and often embodies the principles of honor and responsibility. His character is often portrayed as serious, striving to uphold the values of his ninjutsu training.

2. **Michelangelo**: The fun-loving and carefree member, Michelangelo is characterized by his humor and love for pizza. He uses nunchaku as his weapon and often brings a light-heartedness to the group, balancing the serious nature of his brothers.

3. **Donatello**: The team’s inventor and technical expert, Donatello is known for his intelligence and prowess with technology. He wields a bo staff and is often seen creating gadgets and devices to assist the turtles in their battles.

4. **Raphael**: The most rebellious and aggressive of the turtles, Raphael has a strong-willed personality and often struggles with his temper. He fights with dual sai and embodies the more aggressive side of the group, providing a contrast to his brothers’ more disciplined approaches.

These characters have become cultural icons since their creation in the 1980s, featured in comic books, animated series, movies, and various merchandise.

For further details, you can explore the [Teenage Mutant Ninja Turtles character guide](https://en.wikipedia.org/wiki/Teenage_Mutant_Ninja_Turtles_character_guide).",2,"get_wikipedia_page, search_wikipedia_titles"
What major citadel burnt down in Europe within the last 10 years?,"I was unable to find specific Wikipedia entries directly related to a major citadel that burned down in Europe within the last 10 years. However, it's worth noting that there have been significant fires at historical sites, but they may not specifically refer to ""citadels.""

One notable example is the fire at the Notre-Dame Cathedral in Paris, which occurred in April 2019. This incident led to widespread media coverage and concerns about the restoration of the iconic Gothic structure, although it is not a citadel.

If you are looking for detailed information about historical sites or significant fires that occurred in Europe, I can assist with more specific topics or different types of historical incidents. Let me know!",4,search_wikipedia_titles
What has the programming language Lean been used for?,"The programming language Lean is primarily known as a proof assistant and a functional programming language. It utilizes the calculus of constructions, which includes inductive types, making it particularly suited for formalizing mathematical proofs and concepts.

Lean has applications in various fields that require formal verification and proof management, including:

1. **Mathematics**: Lean is extensively used to formalize mathematical theorems and proofs, providing a platform for mathematicians to collaborate on and verify their work within a structured framework.

2. **Computer Science**: In computer science, Lean aids in verifying software and hardware designs, ensuring that systems behave as intended. Its capabilities allow for the rigorous checking of algorithms and data structures.

3. **Education**: Lean is also employed in educational settings to teach formal methods in mathematics and computer science, helping students grasp complex concepts through rigorous proof development.

Lean is an open-source project and is actively maintained by the Lean Focused Research Organization (FRO), which supports its development and fosters its community.

For more information, you can visit the [Lean programming language Wikipedia page](https://en.wikipedia.org/wiki/Lean_(programming_language)).",2,"get_wikipedia_page, search_wikipedia_titles"
What is one working definition for a ring to be Cohen-Macaulay?,"A Cohen-Macaulay ring is defined as a commutative ring that possesses certain geometric properties analogous to those of smooth varieties, notably local equidimensionality. Specifically, a local ring is considered Cohen-Macaulay if it is a finitely generated free module over a regular local subring, under some mild assumptions. This definition indicates that Cohen-Macaulay rings are a significant class in commutative algebra, characterized by their well-understood properties.

For further details, you can visit the Wikipedia page on [Cohen-Macaulay ring](https://en.wikipedia.org/wiki/Cohen%E2%80%93Macaulay_ring).",2,"get_wikipedia_page, search_wikipedia_titles"
Explain brownian motion to a 10 year old.,"Brownian motion is like when tiny bits of dust or pollen floating in water move around in a very random way. Imagine you have a glass of water and you put in a little bit of pollen. Even though you can't see the pollen moving itself because it's so tiny, you can see it bouncing around here and there.

This happens because the water has lots of small, invisible water molecules zooming around really fast. When those water molecules bump into the pollen, they make it jiggle and move in all directions. So, even if you don't see it happening, the pollen is always dancing around due to these tiny water molecules hitting it from every side.

This is what we call Brownian motion. It's just the random way that very small particles move when they're inside a liquid or gas.

You can think about it like a game of bumper cars, where every little particle is being bounced around by the other particles, and they never know exactly where they will go next!

For more details, you can visit [Wikipedia on Brownian motion](https://en.wikipedia.org/wiki/Brownian_motion).",2,"get_wikipedia_page, search_wikipedia_titles"
What is the difference between inference and prediction?,"Inference and prediction are both cognitive processes used in reasoning and decision-making, but they serve distinct purposes and operate in different contexts.

**Inference** is the process of drawing logical conclusions based on premises or evidence. It involves reasoning that moves from known or assumed information to arrive at new conclusions. Inference is traditionally classified into three categories: 

1. **Deduction**: This type involves deriving specific conclusions from general premises. If the premises are true, the conclusions must necessarily be true as well.
   
2. **Induction**: This involves inferring general principles from specific observations. While conclusions drawn through induction are likely, they are not guaranteed to be true.
   
3. **Abduction**: Distinct from the other two, abduction involves forming the best explanation for a set of observations, suggesting a cause based on available evidence.

The process of inference is critical in logic and reasoning, allowing individuals to navigate complex situations and make sense of new information based on existing knowledge.

**Prediction**, on the other hand, refers to statements about future events or outcomes. It often relies on current data, historical trends, or expert knowledge to forecast what might happen next. Predictions may be based on statistical models, experience, or intuition, and often carry some degree of uncertainty. The terms ""prediction"" and ""estimation"" are sometimes used interchangeably, though there is no universal consensus on the distinctions between them.

In summary, while inference is about drawing conclusions based on evidence and reasoning (often about what is true or likely true), prediction specifically concerns anticipations about future events.

For further reading, you can visit the summaries on [Inference](https://en.wikipedia.org/wiki/Inference) and [Prediction](https://en.wikipedia.org/wiki/Prediction).",5,"get_wikipedia_page, search_wikipedia_titles"
Who are three influential mathematicians in the field of algebraic combinatorics active within the last 20 years?,"Algebraic combinatorics is a branch of mathematics that blends concepts from abstract algebra, particularly group theory and representation theory, with combinatorial methods to solve problems across various contexts. This field has evolved significantly over the last two decades, with several mathematicians making notable contributions.

Here are three influential mathematicians in the field of algebraic combinatorics who have been active in the last 20 years:

1. **Richard P. Stanley** - Stanley is known for his work in algebraic combinatorics, particularly in the area of enumerative combinatorics and the theory of polyhedral combinatorics. His book, ""Enumerative Combinatorics,"" has been a significant resource in the field. His research integrates algebraic techniques with combinatorial structures.

2. **Andrei Zelevinsky** - Zelevinsky has made substantial contributions to the intersection of algebra and combinatorics, particularly in the representation theory of algebraic groups and combinatorial representation theory. His work has often focused on applications of combinatorial concepts to algebraic problems.

3. **Louigi Addario-Berry** - Addario-Berry has contributed to various aspects of algebraic combinatorics, including random structures and probabilistic methods. His work integrates combinatorial optimization and algebraic methods, contributing to both theoretical and applied aspects of the field.

These mathematicians have significantly impacted algebraic combinatorics, enriching the discipline through their research and publications. For further information on this field, you can visit the Wikipedia page on [algebraic combinatorics](https://en.wikipedia.org/wiki/Algebraic_combinatorics).",2,"get_wikipedia_page, search_wikipedia_titles"
What are the active business ventures of the Trump family?,"The Trump family is primarily known for their business activities under the Trump Organization, which is an American conglomerate privately owned by Donald Trump. The organization comprises various ventures and investments using the Trump name, including real estate, hospitality, golf courses, and brand licensing. Donald Trump has been associated with the organization since 1968, took over its leadership in 1971, and transferred its management to his children in 2017 after becoming President.

While specific individual ventures by Donald Trump's children are not extensively documented in popular or reliable sources, they are involved in several initiatives:

1. **Donald Trump Jr.**: He has been active in real estate and has been involved in political commentary and various business projects, often linked to his father's brand initiatives.

2. **Eric Trump**: He has focused on the Trump Organization's operations, particularly in real estate and golf course management, and has also engaged in charity work through the Eric Trump Foundation.

3. **Ivanka Trump**: Ivanka has pursued ventures in fashion and jewelry, and she previously operated her own brand, which has since been disbanded. She also served as an advisor during her father's presidency, focusing on women's economic empowerment.

Given the private nature of these businesses and the dynamic events surrounding their operations, detailed current information may not be widely available in public records. Most insights are derived from their association with the Trump Organization or their public representation.

For more detailed insights on the Trump Organization, visit [Trump Organization on Wikipedia](https://en.wikipedia.org/wiki/Trump_Organization).",8,"get_wikipedia_page, search_wikipedia_titles"
Is the thumb considered a finger? Why or why not?,"The thumb is anatomically classified as the first digit of the hand, positioned adjacent to the index finger. In the medical anatomical position, the thumb is the outermost digit. While it shares similarities with other fingers, such as playing important roles in grasping and manipulating objects, it is often considered distinct from the other fingers due to its unique structure and function.

In terms of anatomy, the thumb has its own name – pollex in Medical Latin – and features opposable functionality, which allows it to touch the other fingers. This capability is a key factor in its classification, as it enables a range of movements that are crucial for tasks requiring precision grip. 

Thus, while the thumb is generally regarded as a digit, whether it is classified as a finger can depend on the context; scientifically, it is a digit but functionally and colloquially, it is frequently included in discussions about fingers. 

For more detailed information, you can reference the Wikipedia page on the [Thumb](https://en.wikipedia.org/wiki/Thumb).",2,"get_wikipedia_page, search_wikipedia_titles"
